Round,Date,Team 1,FT,HT,Team 2
?,(Sat) 30 Aug 2014 (34),AC Chievo Verona (1),0-1,0-1,Juventus (1)
?,(Sat) 30 Aug 2014 (34),AS Roma (1),2-0,1-0,ACF Fiorentina (1)
?,(Sun) 31 Aug 2014 (34),Atalanta BC (1),0-0,0-0,Hellas Verona FC (1)
?,(Sun) 31 Aug 2014 (34),Cesena (1),1-0,1-0,Parma (1)
?,(Sun) 31 Aug 2014 (34),Genoa CFC (1),1-2,1-1,SSC Napoli (1)
?,(Sun) 31 Aug 2014 (34),AC Milan (1),3-1,1-0,SS Lazio (1)
?,(Sun) 31 Aug 2014 (34),Palermo (1),1-1,1-0,UC Sampdoria (1)
?,(Sun) 31 Aug 2014 (34),US Sassuolo Calcio (1),1-1,1-1,Cagliari Calcio (1)
?,(Sun) 31 Aug 2014 (34),Torino FC (1),0-0,0-0,FC Internazionale Milano (1)
?,(Sun) 31 Aug 2014 (34),Udinese Calcio (1),2-0,0-0,Empoli (1)
?,(Sat) 13 Sep 2014 (36),Empoli (2),0-1,0-1,AS Roma (2)
?,(Sat) 13 Sep 2014 (36),Juventus (2),2-0,1-0,Udinese Calcio (2)
?,(Sun) 14 Sep 2014 (36),Cagliari Calcio (2),1-2,0-1,Atalanta BC (2)
?,(Sun) 14 Sep 2014 (36),ACF Fiorentina (2),0-0,0-0,Genoa CFC (2)
?,(Sun) 14 Sep 2014 (36),FC Internazionale Milano (2),7-0,4-0,US Sassuolo Calcio (2)
?,(Sun) 14 Sep 2014 (36),SS Lazio (2),3-0,1-0,Cesena (2)
?,(Sun) 14 Sep 2014 (36),SSC Napoli (2),0-1,0-0,AC Chievo Verona (2)
?,(Sun) 14 Sep 2014 (36),Parma (2),4-5,1-3,AC Milan (2)
?,(Sun) 14 Sep 2014 (36),UC Sampdoria (2),2-0,1-0,Torino FC (2)
?,(Mon) 15 Sep 2014 (37),Hellas Verona FC (2),2-1,1-1,Palermo (2)
?,(Sat) 20 Sep 2014 (37),Cesena (3),2-2,2-0,Empoli (3)
?,(Sat) 20 Sep 2014 (37),AC Milan (3),0-1,0-0,Juventus (3)
?,(Sun) 21 Sep 2014 (37),Atalanta BC (3),0-1,0-0,ACF Fiorentina (3)
?,(Sun) 21 Sep 2014 (37),AC Chievo Verona (3),2-3,1-0,Parma (3)
?,(Sun) 21 Sep 2014 (37),Genoa CFC (3),1-0,0-0,SS Lazio (3)
?,(Sun) 21 Sep 2014 (37),Palermo (3),1-1,1-1,FC Internazionale Milano (3)
?,(Sun) 21 Sep 2014 (37),AS Roma (3),2-0,2-0,Cagliari Calcio (3)
?,(Sun) 21 Sep 2014 (37),US Sassuolo Calcio (3),0-0,0-0,UC Sampdoria (3)
?,(Sun) 21 Sep 2014 (37),Torino FC (3),0-1,0-0,Hellas Verona FC (3)
?,(Sun) 21 Sep 2014 (37),Udinese Calcio (3),1-0,0-0,SSC Napoli (3)
?,(Tue) 23 Sep 2014 (38),Empoli (4),2-2,2-1,AC Milan (4)
?,(Wed) 24 Sep 2014 (38),Cagliari Calcio (4),1-2,1-2,Torino FC (4)
?,(Wed) 24 Sep 2014 (38),ACF Fiorentina (4),0-0,0-0,US Sassuolo Calcio (4)
?,(Wed) 24 Sep 2014 (38),FC Internazionale Milano (4),2-0,1-0,Atalanta BC (4)
?,(Wed) 24 Sep 2014 (38),Juventus (4),3-0,1-0,Cesena (4)
?,(Wed) 24 Sep 2014 (38),SSC Napoli (4),3-3,3-2,Palermo (4)
?,(Wed) 24 Sep 2014 (38),Parma (4),1-2,0-1,AS Roma (4)
?,(Wed) 24 Sep 2014 (38),UC Sampdoria (4),2-1,1-0,AC Chievo Verona (4)
?,(Wed) 24 Sep 2014 (38),Hellas Verona FC (4),2-2,0-1,Genoa CFC (4)
?,(Thu) 25 Sep 2014 (38),SS Lazio (4),0-1,0-1,Udinese Calcio (4)
?,(Sat) 27 Sep 2014 (38),Atalanta BC (5),0-3,0-1,Juventus (5)
?,(Sat) 27 Sep 2014 (38),AS Roma (5),2-0,0-0,Hellas Verona FC (5)
?,(Sun) 28 Sep 2014 (38),Cesena (5),1-1,1-1,AC Milan (5)
?,(Sun) 28 Sep 2014 (38),AC Chievo Verona (5),1-1,0-0,Empoli (5)
?,(Sun) 28 Sep 2014 (38),Genoa CFC (5),0-1,0-0,UC Sampdoria (5)
?,(Sun) 28 Sep 2014 (38),FC Internazionale Milano (5),1-4,1-4,Cagliari Calcio (5)
?,(Sun) 28 Sep 2014 (38),US Sassuolo Calcio (5),0-1,0-1,SSC Napoli (5)
?,(Sun) 28 Sep 2014 (38),Torino FC (5),1-1,0-0,ACF Fiorentina (5)
?,(Mon) 29 Sep 2014 (39),Palermo (5),0-4,0-1,SS Lazio (5)
?,(Mon) 29 Sep 2014 (39),Udinese Calcio (5),4-2,2-2,Parma (5)
?,(Sat) 4 Oct 2014 (39),AC Milan (6),2-0,0-0,AC Chievo Verona (6)
?,(Sat) 4 Oct 2014 (39),Hellas Verona FC (6),1-0,0-0,Cagliari Calcio (6)
?,(Sun) 5 Oct 2014 (39),Empoli (6),3-0,2-0,Palermo (6)
?,(Sun) 5 Oct 2014 (39),ACF Fiorentina (6),3-0,2-0,FC Internazionale Milano (6)
?,(Sun) 5 Oct 2014 (39),Juventus (6),3-2,2-2,AS Roma (6)
?,(Sun) 5 Oct 2014 (39),SS Lazio (6),3-2,3-1,US Sassuolo Calcio (6)
?,(Sun) 5 Oct 2014 (39),SSC Napoli (6),2-1,0-1,Torino FC (6)
?,(Sun) 5 Oct 2014 (39),Parma (6),1-2,0-0,Genoa CFC (6)
?,(Sun) 5 Oct 2014 (39),UC Sampdoria (6),1-0,1-0,Atalanta BC (6)
?,(Sun) 5 Oct 2014 (39),Udinese Calcio (6),1-1,0-0,Cesena (6)
?,(Sat) 18 Oct 2014 (41),AS Roma (7),3-0,3-0,AC Chievo Verona (7)
?,(Sat) 18 Oct 2014 (41),US Sassuolo Calcio (7),1-1,1-1,Juventus (7)
?,(Sun) 19 Oct 2014 (41),Atalanta BC (7),1-0,0-0,Parma (7)
?,(Sun) 19 Oct 2014 (41),Cagliari Calcio (7),2-2,0-2,UC Sampdoria (7)
?,(Sun) 19 Oct 2014 (41),ACF Fiorentina (7),0-2,0-1,SS Lazio (7)
?,(Sun) 19 Oct 2014 (41),FC Internazionale Milano (7),2-2,0-0,SSC Napoli (7)
?,(Sun) 19 Oct 2014 (41),Palermo (7),2-1,1-0,Cesena (7)
?,(Sun) 19 Oct 2014 (41),Torino FC (7),1-0,0-0,Udinese Calcio (7)
?,(Sun) 19 Oct 2014 (41),Hellas Verona FC (7),1-3,0-2,AC Milan (7)
?,(Mon) 20 Oct 2014 (42),Genoa CFC (7),1-1,1-0,Empoli (7)
?,(Sat) 25 Oct 2014 (42),Empoli (8),0-4,0-4,Cagliari Calcio (8)
?,(Sat) 25 Oct 2014 (42),Parma (8),1-3,0-2,US Sassuolo Calcio (8)
?,(Sat) 25 Oct 2014 (42),UC Sampdoria (8),0-0,0-0,AS Roma (8)
?,(Sun) 26 Oct 2014 (42),Cesena (8),0-1,0-1,FC Internazionale Milano (8)
?,(Sun) 26 Oct 2014 (42),AC Chievo Verona (8),1-2,1-0,Genoa CFC (8)
?,(Sun) 26 Oct 2014 (42),Juventus (8),2-0,1-0,Palermo (8)
?,(Sun) 26 Oct 2014 (42),SS Lazio (8),2-1,1-0,Torino FC (8)
?,(Sun) 26 Oct 2014 (42),AC Milan (8),1-1,1-0,ACF Fiorentina (8)
?,(Sun) 26 Oct 2014 (42),SSC Napoli (8),6-2,1-1,Hellas Verona FC (8)
?,(Sun) 26 Oct 2014 (42),Udinese Calcio (8),2-0,2-0,Atalanta BC (8)
?,(Tue) 28 Oct 2014 (43),US Sassuolo Calcio (9),3-1,0-1,Empoli (9)
?,(Wed) 29 Oct 2014 (43),Atalanta BC (9),1-1,0-0,SSC Napoli (9)
?,(Wed) 29 Oct 2014 (43),Cagliari Calcio (9),1-1,1-1,AC Milan (9)
?,(Wed) 29 Oct 2014 (43),ACF Fiorentina (9),3-0,1-0,Udinese Calcio (9)
?,(Wed) 29 Oct 2014 (43),Genoa CFC (9),1-0,0-0,Juventus (9)
?,(Wed) 29 Oct 2014 (43),FC Internazionale Milano (9),1-0,0-0,UC Sampdoria (9)
?,(Wed) 29 Oct 2014 (43),Palermo (9),1-0,0-0,AC Chievo Verona (9)
?,(Wed) 29 Oct 2014 (43),AS Roma (9),2-0,1-0,Cesena (9)
?,(Wed) 29 Oct 2014 (43),Torino FC (9),1-0,1-0,Parma (9)
?,(Thu) 30 Oct 2014 (43),Hellas Verona FC (9),1-1,0-1,SS Lazio (9)
?,(Sat) 1 Nov 2014 (43),Empoli (10),0-2,0-0,Juventus (10)
?,(Sat) 1 Nov 2014 (43),SSC Napoli (10),2-0,1-0,AS Roma (10)
?,(Sat) 1 Nov 2014 (43),Parma (10),2-0,1-0,FC Internazionale Milano (10)
?,(Sun) 2 Nov 2014 (43),AC Chievo Verona (10),0-0,0-0,US Sassuolo Calcio (10)
?,(Sun) 2 Nov 2014 (43),AC Milan (10),0-2,0-2,Palermo (10)
?,(Sun) 2 Nov 2014 (43),UC Sampdoria (10),3-1,2-1,ACF Fiorentina (10)
?,(Sun) 2 Nov 2014 (43),Torino FC (10),0-0,0-0,Atalanta BC (10)
?,(Sun) 2 Nov 2014 (43),Udinese Calcio (10),2-4,2-2,Genoa CFC (10)
?,(Mon) 3 Nov 2014 (44),Cesena (10),1-1,1-0,Hellas Verona FC (10)
?,(Mon) 3 Nov 2014 (44),SS Lazio (10),4-2,3-0,Cagliari Calcio (10)
?,(Sat) 8 Nov 2014 (44),UC Sampdoria (11),2-2,1-1,AC Milan (11)
?,(Sat) 8 Nov 2014 (44),US Sassuolo Calcio (11),0-0,0-0,Atalanta BC (11)
?,(Sun) 9 Nov 2014 (44),Cagliari Calcio (11),1-1,1-0,Genoa CFC (11)
?,(Sun) 9 Nov 2014 (44),AC Chievo Verona (11),2-1,0-0,Cesena (11)
?,(Sun) 9 Nov 2014 (44),Empoli (11),2-1,0-0,SS Lazio (11)
?,(Sun) 9 Nov 2014 (44),ACF Fiorentina (11),0-1,0-0,SSC Napoli (11)
?,(Sun) 9 Nov 2014 (44),FC Internazionale Milano (11),2-2,1-1,Hellas Verona FC (11)
?,(Sun) 9 Nov 2014 (44),Juventus (11),7-0,3-0,Parma (11)
?,(Sun) 9 Nov 2014 (44),Palermo (11),1-1,1-1,Udinese Calcio (11)
?,(Sun) 9 Nov 2014 (44),AS Roma (11),3-0,2-0,Torino FC (11)
?,(Sat) 22 Nov 2014 (46),Atalanta BC (12),1-2,1-2,AS Roma (12)
?,(Sat) 22 Nov 2014 (46),SS Lazio (12),0-3,0-1,Juventus (12)
?,(Sun) 23 Nov 2014 (46),Cesena (12),1-1,0-0,UC Sampdoria (12)
?,(Sun) 23 Nov 2014 (46),AC Milan (12),1-1,1-0,FC Internazionale Milano (12)
?,(Sun) 23 Nov 2014 (46),SSC Napoli (12),3-3,2-1,Cagliari Calcio (12)
?,(Sun) 23 Nov 2014 (46),Parma (12),0-2,0-1,Empoli (12)
?,(Sun) 23 Nov 2014 (46),Torino FC (12),0-1,0-0,US Sassuolo Calcio (12)
?,(Sun) 23 Nov 2014 (46),Udinese Calcio (12),1-1,1-0,AC Chievo Verona (12)
?,(Sun) 23 Nov 2014 (46),Hellas Verona FC (12),1-2,1-1,ACF Fiorentina (12)
?,(Mon) 24 Nov 2014 (47),Genoa CFC (12),1-1,1-1,Palermo (12)
?,(Sat) 29 Nov 2014 (47),AC Chievo Verona (13),0-0,0-0,SS Lazio (13)
?,(Sat) 29 Nov 2014 (47),US Sassuolo Calcio (13),2-1,0-1,Hellas Verona FC (13)
?,(Sun) 30 Nov 2014 (47),Cagliari Calcio (13),0-4,0-1,ACF Fiorentina (13)
?,(Sun) 30 Nov 2014 (47),Cesena (13),0-3,0-3,Genoa CFC (13)
?,(Sun) 30 Nov 2014 (47),Empoli (13),0-0,0-0,Atalanta BC (13)
?,(Sun) 30 Nov 2014 (47),Juventus (13),2-1,1-1,Torino FC (13)
?,(Sun) 30 Nov 2014 (47),AC Milan (13),2-0,0-0,Udinese Calcio (13)
?,(Sun) 30 Nov 2014 (47),Palermo (13),2-1,1-1,Parma (13)
?,(Sun) 30 Nov 2014 (47),AS Roma (13),4-2,1-1,FC Internazionale Milano (13)
?,(Mon) 1 Dec 2014 (48),UC Sampdoria (13),1-1,0-0,SSC Napoli (13)
?,(Fri) 5 Dec 2014 (48),ACF Fiorentina (14),0-0,0-0,Juventus (14)
?,(Sat) 6 Dec 2014 (48),AS Roma (14),2-2,0-2,US Sassuolo Calcio (14)
?,(Sat) 6 Dec 2014 (48),Torino FC (14),2-2,1-2,Palermo (14)
?,(Sun) 7 Dec 2014 (48),Atalanta BC (14),3-2,1-2,Cesena (14)
?,(Sun) 7 Dec 2014 (48),Genoa CFC (14),1-0,1-0,AC Milan (14)
?,(Sun) 7 Dec 2014 (48),FC Internazionale Milano (14),1-2,1-0,Udinese Calcio (14)
?,(Sun) 7 Dec 2014 (48),SSC Napoli (14),2-2,0-1,Empoli (14)
?,(Sun) 7 Dec 2014 (48),Parma (14),1-2,1-1,SS Lazio (14)
?,(Mon) 8 Dec 2014 (49),Cagliari Calcio (14),0-2,0-2,AC Chievo Verona (14)
?,(Mon) 8 Dec 2014 (49),Hellas Verona FC (14),1-3,1-1,UC Sampdoria (14)
?,(Sat) 13 Dec 2014 (49),SS Lazio (15),3-0,0-0,Atalanta BC (15)
?,(Sat) 13 Dec 2014 (49),Palermo (15),2-1,1-0,US Sassuolo Calcio (15)
?,(Sun) 14 Dec 2014 (49),Cesena (15),1-4,0-1,ACF Fiorentina (15)
?,(Sun) 14 Dec 2014 (49),Genoa CFC (15),0-1,0-1,AS Roma (15)
?,(Sun) 14 Dec 2014 (49),Juventus (15),1-1,1-0,UC Sampdoria (15)
?,(Sun) 14 Dec 2014 (49),AC Milan (15),2-0,1-0,SSC Napoli (15)
?,(Sun) 14 Dec 2014 (49),Parma (15),0-0,0-0,Cagliari Calcio (15)
?,(Sun) 14 Dec 2014 (49),Udinese Calcio (15),1-2,1-1,Hellas Verona FC (15)
?,(Mon) 15 Dec 2014 (50),AC Chievo Verona (15),0-2,0-1,FC Internazionale Milano (15)
?,(Mon) 15 Dec 2014 (50),Empoli (15),0-0,0-0,Torino FC (15)
?,(Thu) 18 Dec 2014 (50),Cagliari Calcio (16),1-3,0-2,Juventus (16)
?,(Thu) 18 Dec 2014 (50),SSC Napoli (16),2-0,2-0,Parma (16)
?,(Sat) 20 Dec 2014 (50),AS Roma (16),0-0,0-0,AC Milan (16)
?,(Sat) 20 Dec 2014 (50),US Sassuolo Calcio (16),1-1,0-0,Cesena (16)
?,(Sun) 21 Dec 2014 (50),Atalanta BC (16),3-3,1-3,Palermo (16)
?,(Sun) 21 Dec 2014 (50),ACF Fiorentina (16),1-1,1-0,Empoli (16)
?,(Sun) 21 Dec 2014 (50),FC Internazionale Milano (16),2-2,0-2,SS Lazio (16)
?,(Sun) 21 Dec 2014 (50),UC Sampdoria (16),2-2,1-2,Udinese Calcio (16)
?,(Sun) 21 Dec 2014 (50),Torino FC (16),2-1,0-1,Genoa CFC (16)
?,(Sun) 21 Dec 2014 (50),Hellas Verona FC (16),0-1,0-0,AC Chievo Verona (16)
?,(Mon) 5 Jan 2015 (1),SS Lazio (17),3-0,2-0,UC Sampdoria (17)
?,(Tue) 6 Jan 2015 (1),Cesena (17),1-4,0-2,SSC Napoli (17)
?,(Tue) 6 Jan 2015 (1),AC Chievo Verona (17),0-0,0-0,Torino FC (17)
?,(Tue) 6 Jan 2015 (1),Empoli (17),0-0,0-0,Hellas Verona FC (17)
?,(Tue) 6 Jan 2015 (1),Genoa CFC (17),2-2,0-1,Atalanta BC (17)
?,(Tue) 6 Jan 2015 (1),Juventus (17),1-1,1-0,FC Internazionale Milano (17)
?,(Tue) 6 Jan 2015 (1),AC Milan (17),1-2,1-1,US Sassuolo Calcio (17)
?,(Tue) 6 Jan 2015 (1),Palermo (17),5-0,3-0,Cagliari Calcio (17)
?,(Tue) 6 Jan 2015 (1),Parma (17),1-0,1-0,ACF Fiorentina (17)
?,(Tue) 6 Jan 2015 (1),Udinese Calcio (17),0-1,0-1,AS Roma (17)
?,(Sat) 10 Jan 2015 (1),US Sassuolo Calcio (18),1-1,1-1,Udinese Calcio (18)
?,(Sat) 10 Jan 2015 (1),Torino FC (18),1-1,0-1,AC Milan (18)
?,(Sun) 11 Jan 2015 (1),Atalanta BC (18),1-1,0-0,AC Chievo Verona (18)
?,(Sun) 11 Jan 2015 (1),Cagliari Calcio (18),2-1,2-0,Cesena (18)
?,(Sun) 11 Jan 2015 (1),ACF Fiorentina (18),4-3,1-0,Palermo (18)
?,(Sun) 11 Jan 2015 (1),FC Internazionale Milano (18),3-1,2-0,Genoa CFC (18)
?,(Sun) 11 Jan 2015 (1),SSC Napoli (18),1-3,0-1,Juventus (18)
?,(Sun) 11 Jan 2015 (1),AS Roma (18),2-2,0-2,SS Lazio (18)
?,(Sun) 11 Jan 2015 (1),UC Sampdoria (18),1-0,0-0,Empoli (18)
?,(Sun) 11 Jan 2015 (1),Hellas Verona FC (18),3-1,1-0,Parma (18)
?,(Sat) 17 Jan 2015 (2),Empoli (19),0-0,0-0,FC Internazionale Milano (19)
?,(Sat) 17 Jan 2015 (2),Palermo (19),1-1,1-0,AS Roma (19)
?,(Sun) 18 Jan 2015 (2),Cesena (19),2-3,1-2,Torino FC (19)
?,(Sun) 18 Jan 2015 (2),AC Chievo Verona (19),1-2,0-1,ACF Fiorentina (19)
?,(Sun) 18 Jan 2015 (2),Genoa CFC (19),3-3,1-1,US Sassuolo Calcio (19)
?,(Sun) 18 Jan 2015 (2),Juventus (19),4-0,2-0,Hellas Verona FC (19)
?,(Sun) 18 Jan 2015 (2),SS Lazio (19),0-1,0-1,SSC Napoli (19)
?,(Sun) 18 Jan 2015 (2),AC Milan (19),0-1,0-1,Atalanta BC (19)
?,(Sun) 18 Jan 2015 (2),Parma (19),0-2,0-0,UC Sampdoria (19)
?,(Sun) 18 Jan 2015 (2),Udinese Calcio (19),2-2,0-1,Cagliari Calcio (19)
?,(Sat) 24 Jan 2015 (3),Cagliari Calcio (20),2-1,1-0,US Sassuolo Calcio (20)
?,(Sat) 24 Jan 2015 (3),SS Lazio (20),3-1,0-1,AC Milan (20)
?,(Sun) 25 Jan 2015 (3),ACF Fiorentina (20),1-1,1-0,AS Roma (20)
?,(Sun) 25 Jan 2015 (3),FC Internazionale Milano (20),0-1,0-0,Torino FC (20)
?,(Sun) 25 Jan 2015 (3),Juventus (20),2-0,0-0,AC Chievo Verona (20)
?,(Sun) 25 Jan 2015 (3),Parma (20),1-2,0-1,Cesena (20)
?,(Sun) 25 Jan 2015 (3),UC Sampdoria (20),1-1,1-0,Palermo (20)
?,(Sun) 25 Jan 2015 (3),Hellas Verona FC (20),1-0,0-0,Atalanta BC (20)
?,(Mon) 26 Jan 2015 (4),Empoli (20),1-2,1-1,Udinese Calcio (20)
?,(Mon) 26 Jan 2015 (4),SSC Napoli (20),2-1,1-0,Genoa CFC (20)
?,(Sat) 31 Jan 2015 (4),Genoa CFC (21),1-1,1-0,ACF Fiorentina (21)
?,(Sat) 31 Jan 2015 (4),AS Roma (21),1-1,0-1,Empoli (21)
?,(Sun) 1 Feb 2015 (4),Atalanta BC (21),2-1,1-1,Cagliari Calcio (21)
?,(Sun) 1 Feb 2015 (4),Cesena (21),2-1,0-0,SS Lazio (21)
?,(Sun) 1 Feb 2015 (4),AC Chievo Verona (21),1-2,1-1,SSC Napoli (21)
?,(Sun) 1 Feb 2015 (4),AC Milan (21),3-1,1-1,Parma (21)
?,(Sun) 1 Feb 2015 (4),Palermo (21),2-1,1-1,Hellas Verona FC (21)
?,(Sun) 1 Feb 2015 (4),US Sassuolo Calcio (21),3-1,2-0,FC Internazionale Milano (21)
?,(Sun) 1 Feb 2015 (4),Torino FC (21),5-1,2-0,UC Sampdoria (21)
?,(Sun) 1 Feb 2015 (4),Udinese Calcio (21),0-0,0-0,Juventus (21)
?,(Sat) 7 Feb 2015 (5),Juventus (22),3-1,2-1,AC Milan (22)
?,(Sat) 7 Feb 2015 (5),Hellas Verona FC (22),1-3,0-1,Torino FC (22)
?,(Sun) 8 Feb 2015 (5),Cagliari Calcio (22),1-2,0-1,AS Roma (22)
?,(Sun) 8 Feb 2015 (5),Empoli (22),2-0,1-0,Cesena (22)
?,(Sun) 8 Feb 2015 (5),ACF Fiorentina (22),3-2,1-1,Atalanta BC (22)
?,(Sun) 8 Feb 2015 (5),FC Internazionale Milano (22),3-0,1-0,Palermo (22)
?,(Sun) 8 Feb 2015 (5),SSC Napoli (22),3-1,2-1,Udinese Calcio (22)
?,(Sun) 8 Feb 2015 (5),UC Sampdoria (22),1-1,1-1,US Sassuolo Calcio (22)
?,(Mon) 9 Feb 2015 (6),SS Lazio (22),0-1,0-1,Genoa CFC (22)
?,(Wed) 11 Feb 2015 (6),Parma (22),0-1,0-0,AC Chievo Verona (22)
?,(Sat) 14 Feb 2015 (6),Palermo (23),3-1,2-0,SSC Napoli (23)
?,(Sat) 14 Feb 2015 (6),US Sassuolo Calcio (23),1-3,0-2,ACF Fiorentina (23)
?,(Sun) 15 Feb 2015 (6),Atalanta BC (23),1-4,1-2,FC Internazionale Milano (23)
?,(Sun) 15 Feb 2015 (6),Cesena (23),2-2,1-2,Juventus (23)
?,(Sun) 15 Feb 2015 (6),AC Chievo Verona (23),2-1,2-0,UC Sampdoria (23)
?,(Sun) 15 Feb 2015 (6),Genoa CFC (23),5-2,3-1,Hellas Verona FC (23)
?,(Sun) 15 Feb 2015 (6),AC Milan (23),1-1,1-0,Empoli (23)
?,(Sun) 15 Feb 2015 (6),AS Roma (23),0-0,0-0,Parma (23)
?,(Sun) 15 Feb 2015 (6),Torino FC (23),1-1,1-1,Cagliari Calcio (23)
?,(Sun) 15 Feb 2015 (6),Udinese Calcio (23),0-1,0-1,SS Lazio (23)
?,(Fri) 20 Feb 2015 (7),Juventus (24),2-1,2-1,Atalanta BC (24)
?,(Sun) 22 Feb 2015 (7),Empoli (24),3-0,1-0,AC Chievo Verona (24)
?,(Sun) 22 Feb 2015 (7),ACF Fiorentina (24),1-1,0-0,Torino FC (24)
?,(Sun) 22 Feb 2015 (7),SS Lazio (24),2-1,1-1,Palermo (24)
?,(Sun) 22 Feb 2015 (7),AC Milan (24),2-0,1-0,Cesena (24)
?,(Sun) 22 Feb 2015 (7),Hellas Verona FC (24),1-1,1-1,AS Roma (24)
?,(Mon) 23 Feb 2015 (8),Cagliari Calcio (24),1-2,0-0,FC Internazionale Milano (24)
?,(Mon) 23 Feb 2015 (8),SSC Napoli (24),2-0,0-0,US Sassuolo Calcio (24)
?,(Tue) 24 Feb 2015 (8),UC Sampdoria (24),1-1,1-1,Genoa CFC (24)
?,(Sat) 28 Feb 2015 (8),AC Chievo Verona (25),0-0,0-0,AC Milan (25)
?,(Sun) 1 Mar 2015 (8),Atalanta BC (25),1-2,1-0,UC Sampdoria (25)
?,(Sun) 1 Mar 2015 (8),Cagliari Calcio (25),1-2,0-1,Hellas Verona FC (25)
?,(Sun) 1 Mar 2015 (8),Cesena (25),1-0,0-0,Udinese Calcio (24)
?,(Sun) 1 Mar 2015 (8),FC Internazionale Milano (25),0-1,0-0,ACF Fiorentina (25)
?,(Sun) 1 Mar 2015 (8),Palermo (25),0-0,0-0,Empoli (25)
?,(Sun) 1 Mar 2015 (8),US Sassuolo Calcio (25),0-3,0-1,SS Lazio (25)
?,(Sun) 1 Mar 2015 (8),Torino FC (25),1-0,0-0,SSC Napoli (25)
?,(Mon) 2 Mar 2015 (9),AS Roma (25),1-1,0-0,Juventus (25)
?,(Sat) 7 Mar 2015 (9),AC Milan (26),2-2,1-1,Hellas Verona FC (26)
?,(Sat) 7 Mar 2015 (9),UC Sampdoria (26),2-0,1-0,Cagliari Calcio (26)
?,(Sun) 8 Mar 2015 (9),Cesena (26),0-0,0-0,Palermo (26)
?,(Sun) 8 Mar 2015 (9),AC Chievo Verona (26),0-0,0-0,AS Roma (26)
?,(Sun) 8 Mar 2015 (9),Empoli (26),1-1,0-1,Genoa CFC (25)
?,(Sun) 8 Mar 2015 (9),SSC Napoli (26),2-2,0-0,FC Internazionale Milano (26)
?,(Sun) 8 Mar 2015 (9),Parma (24),0-0,0-0,Atalanta BC (26)
?,(Sun) 8 Mar 2015 (9),Udinese Calcio (25),3-2,2-1,Torino FC (26)
?,(Mon) 9 Mar 2015 (10),Juventus (26),1-0,0-0,US Sassuolo Calcio (26)
?,(Mon) 9 Mar 2015 (10),SS Lazio (26),4-0,1-0,ACF Fiorentina (26)
?,(Sat) 14 Mar 2015 (10),Cagliari Calcio (27),1-1,1-0,Empoli (27)
?,(Sat) 14 Mar 2015 (10),Palermo (27),0-1,0-0,Juventus (27)
?,(Sun) 15 Mar 2015 (10),Atalanta BC (27),0-0,0-0,Udinese Calcio (26)
?,(Sun) 15 Mar 2015 (10),Genoa CFC (26),0-2,0-0,AC Chievo Verona (27)
?,(Sun) 15 Mar 2015 (10),FC Internazionale Milano (27),1-1,0-1,Cesena (27)
?,(Sun) 15 Mar 2015 (10),US Sassuolo Calcio (27),4-1,2-1,Parma (25)
?,(Sun) 15 Mar 2015 (10),Hellas Verona FC (27),2-0,1-0,SSC Napoli (27)
?,(Mon) 16 Mar 2015 (11),ACF Fiorentina (27),2-1,0-0,AC Milan (27)
?,(Mon) 16 Mar 2015 (11),AS Roma (27),0-2,0-0,UC Sampdoria (27)
?,(Mon) 16 Mar 2015 (11),Torino FC (27),0-2,0-0,SS Lazio (27)
?,(Sat) 21 Mar 2015 (11),AC Chievo Verona (28),1-0,1-0,Palermo (28)
?,(Sat) 21 Mar 2015 (11),AC Milan (28),3-1,1-0,Cagliari Calcio (28)
?,(Sun) 22 Mar 2015 (11),Cesena (28),0-1,0-1,AS Roma (28)
?,(Sun) 22 Mar 2015 (11),Empoli (28),3-1,0-0,US Sassuolo Calcio (28)
?,(Sun) 22 Mar 2015 (11),Juventus (28),1-0,1-0,Genoa CFC (27)
?,(Sun) 22 Mar 2015 (11),SS Lazio (28),2-0,2-0,Hellas Verona FC (28)
?,(Sun) 22 Mar 2015 (11),SSC Napoli (28),1-1,0-0,Atalanta BC (28)
?,(Sun) 22 Mar 2015 (11),Parma (26),0-2,0-1,Torino FC (28)
?,(Sun) 22 Mar 2015 (11),UC Sampdoria (28),1-0,0-0,FC Internazionale Milano (28)
?,(Sun) 22 Mar 2015 (11),Udinese Calcio (27),2-2,1-0,ACF Fiorentina (28)
?,(Sat) 4 Apr 2015 (13),Atalanta BC (29),1-2,0-2,Torino FC (29)
?,(Sat) 4 Apr 2015 (13),Cagliari Calcio (29),1-3,0-1,SS Lazio (29)
?,(Sat) 4 Apr 2015 (13),ACF Fiorentina (29),2-0,0-0,UC Sampdoria (29)
?,(Sat) 4 Apr 2015 (13),Genoa CFC (28),1-1,1-0,Udinese Calcio (28)
?,(Sat) 4 Apr 2015 (13),FC Internazionale Milano (29),1-1,1-1,Parma (27)
?,(Sat) 4 Apr 2015 (13),Juventus (29),2-0,1-0,Empoli (29)
?,(Sat) 4 Apr 2015 (13),Palermo (29),1-2,0-1,AC Milan (29)
?,(Sat) 4 Apr 2015 (13),AS Roma (29),1-0,1-0,SSC Napoli (29)
?,(Sat) 4 Apr 2015 (13),US Sassuolo Calcio (29),1-0,1-0,AC Chievo Verona (29)
?,(Sat) 4 Apr 2015 (13),Hellas Verona FC (29),3-3,2-0,Cesena (29)
?,(Wed) 8 Apr 2015 (14),Parma (28),1-0,0-0,Udinese Calcio (29)
?,(Sat) 11 Apr 2015 (14),Genoa CFC (29),2-0,0-0,Cagliari Calcio (30)
?,(Sat) 11 Apr 2015 (14),Parma (29),1-0,0-0,Juventus (30)
?,(Sat) 11 Apr 2015 (14),Hellas Verona FC (30),0-3,0-1,FC Internazionale Milano (30)
?,(Sun) 12 Apr 2015 (14),Atalanta BC (30),2-1,1-0,US Sassuolo Calcio (30)
?,(Sun) 12 Apr 2015 (14),Cesena (30),0-1,0-0,AC Chievo Verona (30)
?,(Sun) 12 Apr 2015 (14),SS Lazio (30),4-0,3-0,Empoli (30)
?,(Sun) 12 Apr 2015 (14),AC Milan (30),1-1,0-0,UC Sampdoria (30)
?,(Sun) 12 Apr 2015 (14),SSC Napoli (30),3-0,1-0,ACF Fiorentina (30)
?,(Sun) 12 Apr 2015 (14),Torino FC (30),1-1,0-0,AS Roma (30)
?,(Sun) 12 Apr 2015 (14),Udinese Calcio (30),1-3,0-2,Palermo (30)
?,(Wed) 15 Apr 2015 (15),Genoa CFC (30),2-0,1-0,Parma (30)
?,(Sat) 18 Apr 2015 (15),Juventus (31),2-0,2-0,SS Lazio (31)
?,(Sat) 18 Apr 2015 (15),UC Sampdoria (31),0-0,0-0,Cesena (31)
?,(Sun) 19 Apr 2015 (15),Cagliari Calcio (31),0-3,0-2,SSC Napoli (31)
?,(Sun) 19 Apr 2015 (15),AC Chievo Verona (31),1-1,1-0,Udinese Calcio (31)
?,(Sun) 19 Apr 2015 (15),Empoli (31),2-2,2-1,Parma (31)
?,(Sun) 19 Apr 2015 (15),FC Internazionale Milano (31),0-0,0-0,AC Milan (31)
?,(Sun) 19 Apr 2015 (15),Palermo (31),2-1,2-0,Genoa CFC (31)
?,(Sun) 19 Apr 2015 (15),AS Roma (31),1-1,1-1,Atalanta BC (31)
?,(Sun) 19 Apr 2015 (15),US Sassuolo Calcio (31),1-1,1-0,Torino FC (31)
?,(Mon) 20 Apr 2015 (16),ACF Fiorentina (31),0-1,0-0,Hellas Verona FC (31)
?,(Sat) 25 Apr 2015 (16),FC Internazionale Milano (32),2-1,1-0,AS Roma (32)
?,(Sat) 25 Apr 2015 (16),Udinese Calcio (32),2-1,0-0,AC Milan (32)
?,(Sun) 26 Apr 2015 (16),Atalanta BC (32),2-2,1-1,Empoli (32)
?,(Sun) 26 Apr 2015 (16),ACF Fiorentina (32),1-3,0-1,Cagliari Calcio (32)
?,(Sun) 26 Apr 2015 (16),Genoa CFC (32),3-1,2-0,Cesena (32)
?,(Sun) 26 Apr 2015 (16),SS Lazio (32),1-1,1-0,AC Chievo Verona (32)
?,(Sun) 26 Apr 2015 (16),SSC Napoli (32),4-2,2-1,UC Sampdoria (32)
?,(Sun) 26 Apr 2015 (16),Parma (32),1-0,1-0,Palermo (32)
?,(Sun) 26 Apr 2015 (16),Torino FC (32),2-1,1-1,Juventus (32)
?,(Sun) 26 Apr 2015 (16),Hellas Verona FC (32),3-2,1-1,US Sassuolo Calcio (32)
?,(Tue) 28 Apr 2015 (17),Udinese Calcio (33),1-2,0-0,FC Internazionale Milano (33)
?,(Wed) 29 Apr 2015 (17),Cesena (33),2-2,0-0,Atalanta BC (33)
?,(Wed) 29 Apr 2015 (17),AC Chievo Verona (33),1-0,1-0,Cagliari Calcio (33)
?,(Wed) 29 Apr 2015 (17),Juventus (33),3-2,2-1,ACF Fiorentina (33)
?,(Wed) 29 Apr 2015 (17),SS Lazio (33),4-0,3-0,Parma (33)
?,(Wed) 29 Apr 2015 (17),AC Milan (33),1-3,0-1,Genoa CFC (33)
?,(Wed) 29 Apr 2015 (17),Palermo (33),2-2,2-1,Torino FC (33)
?,(Wed) 29 Apr 2015 (17),UC Sampdoria (33),1-1,0-0,Hellas Verona FC (33)
?,(Wed) 29 Apr 2015 (17),US Sassuolo Calcio (33),0-3,0-2,AS Roma (33)
?,(Thu) 30 Apr 2015 (17),Empoli (33),4-2,3-0,SSC Napoli (33)
?,(Sat) 2 May 2015 (17),UC Sampdoria (34),0-1,0-1,Juventus (34)
?,(Sat) 2 May 2015 (17),US Sassuolo Calcio (34),0-0,0-0,Palermo (34)
?,(Sun) 3 May 2015 (17),Atalanta BC (34),1-1,0-0,SS Lazio (34)
?,(Sun) 3 May 2015 (17),ACF Fiorentina (34),3-1,2-0,Cesena (34)
?,(Sun) 3 May 2015 (17),FC Internazionale Milano (34),0-0,0-0,AC Chievo Verona (34)
?,(Sun) 3 May 2015 (17),SSC Napoli (34),3-0,0-0,AC Milan (34)
?,(Sun) 3 May 2015 (17),AS Roma (34),2-0,1-0,Genoa CFC (34)
?,(Sun) 3 May 2015 (17),Hellas Verona FC (34),0-1,0-0,Udinese Calcio (34)
?,(Mon) 4 May 2015 (18),Cagliari Calcio (34),4-0,3-0,Parma (34)
?,(Wed) 6 May 2015 (18),Torino FC (34),0-1,0-1,Empoli (34)
?,(Sat) 9 May 2015 (18),Juventus (35),1-1,1-0,Cagliari Calcio (35)
?,(Sat) 9 May 2015 (18),AC Milan (35),2-1,1-0,AS Roma (35)
?,(Sun) 10 May 2015 (18),Cesena (35),2-3,2-0,US Sassuolo Calcio (35)
?,(Sun) 10 May 2015 (18),AC Chievo Verona (35),2-2,2-2,Hellas Verona FC (35)
?,(Sun) 10 May 2015 (18),Empoli (35),2-3,1-1,ACF Fiorentina (35)
?,(Sun) 10 May 2015 (18),SS Lazio (35),1-2,1-1,FC Internazionale Milano (35)
?,(Sun) 10 May 2015 (18),Palermo (35),2-3,1-2,Atalanta BC (35)
?,(Sun) 10 May 2015 (18),Parma (35),2-2,2-1,SSC Napoli (35)
?,(Sun) 10 May 2015 (18),Udinese Calcio (35),1-4,0-1,UC Sampdoria (35)
?,(Mon) 11 May 2015 (19),Genoa CFC (35),5-1,1-0,Torino FC (35)
?,(Sat) 16 May 2015 (19),FC Internazionale Milano (36),1-2,1-1,Juventus (36)
?,(Sat) 16 May 2015 (19),UC Sampdoria (36),0-1,0-0,SS Lazio (36)
?,(Sun) 17 May 2015 (19),Atalanta BC (36),1-4,1-1,Genoa CFC (36)
?,(Sun) 17 May 2015 (19),Cagliari Calcio (36),0-1,0-1,Palermo (36)
?,(Sun) 17 May 2015 (19),AS Roma (36),2-1,1-1,Udinese Calcio (36)
?,(Sun) 17 May 2015 (19),US Sassuolo Calcio (36),3-2,2-1,AC Milan (36)
?,(Sun) 17 May 2015 (19),Torino FC (36),2-0,0-0,AC Chievo Verona (36)
?,(Sun) 17 May 2015 (19),Hellas Verona FC (36),2-1,1-1,Empoli (36)
?,(Mon) 18 May 2015 (20),ACF Fiorentina (36),3-0,2-0,Parma (36)
?,(Mon) 18 May 2015 (20),SSC Napoli (36),3-2,2-2,Cesena (36)
?,(Sat) 23 May 2015 (20),Genoa CFC (37),3-2,2-2,FC Internazionale Milano (37)
?,(Sat) 23 May 2015 (20),Juventus (37),3-1,1-0,SSC Napoli (37)
?,(Sun) 24 May 2015 (20),Cesena (37),0-1,0-0,Cagliari Calcio (37)
?,(Sun) 24 May 2015 (20),AC Chievo Verona (37),1-1,0-0,Atalanta BC (37)
?,(Sun) 24 May 2015 (20),Empoli (37),1-1,0-0,UC Sampdoria (37)
?,(Sun) 24 May 2015 (20),AC Milan (37),3-0,1-0,Torino FC (37)
?,(Sun) 24 May 2015 (20),Palermo (37),2-3,1-2,ACF Fiorentina (37)
?,(Sun) 24 May 2015 (20),Parma (37),2-2,2-1,Hellas Verona FC (37)
?,(Sun) 24 May 2015 (20),Udinese Calcio (37),0-1,0-0,US Sassuolo Calcio (37)
?,(Mon) 25 May 2015 (21),SS Lazio (37),1-2,0-0,AS Roma (37)
?,(Sat) 30 May 2015 (21),Atalanta BC (38),1-3,1-2,AC Milan (38)
?,(Sat) 30 May 2015 (21),Hellas Verona FC (38),2-2,0-1,Juventus (38)
?,(Sun) 31 May 2015 (21),Cagliari Calcio (38),4-3,2-1,Udinese Calcio (38)
?,(Sun) 31 May 2015 (21),ACF Fiorentina (38),3-0,1-0,AC Chievo Verona (38)
?,(Sun) 31 May 2015 (21),FC Internazionale Milano (38),4-3,0-0,Empoli (38)
?,(Sun) 31 May 2015 (21),SSC Napoli (38),2-4,0-2,SS Lazio (38)
?,(Sun) 31 May 2015 (21),AS Roma (38),1-2,0-1,Palermo (38)
?,(Sun) 31 May 2015 (21),UC Sampdoria (38),2-2,0-0,Parma (38)
?,(Sun) 31 May 2015 (21),US Sassuolo Calcio (38),3-1,3-1,Genoa CFC (38)
?,(Sun) 31 May 2015 (21),Torino FC (38),5-0,3-0,Cesena (38)
